"Date","All","Women","Men","Black","Hispanic","White","Black Women","Black Men","Hispanic Women","Hispanic Men","White Women","White Men"
"Sep-2024","0.6%","0.6%","0.7%","1.1%","0.7%","0.5%","1.1%","1.2%","0.7%","0.6%","0.4%","0.6%"
"Aug-2024","0.6%","0.6%","0.7%","1.1%","0.7%","0.5%","1.0%","1.2%","0.7%","0.6%","0.4%","0.6%"
"Jul-2024","0.6%","0.6%","0.7%","1.1%","0.7%","0.5%","1.0%","1.2%","0.7%","0.6%","0.4%","0.6%"
"Jun-2024","0.6%","0.6%","0.7%","1.1%","0.6%","0.5%","1.0%","1.2%","0.7%","0.6%","0.4%","0.6%"
"May-2024","0.6%","0.5%","0.7%","1.1%","0.6%","0.5%","1.0%","1.2%","0.6%","0.6%","0.4%","0.5%"
"Apr-2024","0.6%","0.5%","0.6%","1.1%","0.6%","0.5%","1.0%","1.2%","0.6%","0.6%","0.4%","0.5%"
"Mar-2024","0.6%","0.5%","0.6%","1.1%","0.6%","0.5%","1.0%","1.2%","0.6%","0.6%","0.4%","0.5%"
"Feb-2024","0.6%","0.5%","0.6%","1.1%","0.6%","0.4%","1.0%","1.2%","0.6%","0.6%","0.4%","0.5%"
"Jan-2024","0.6%","0.5%","0.6%","1.1%","0.6%","0.4%","1.0%","1.2%","0.6%","0.6%","0.4%","0.5%"
"Dec-2023","0.6%","0.5%","0.6%","1.1%","0.6%","0.4%","1.0%","1.2%","0.6%","0.6%","0.4%","0.5%"
"Nov-2023","0.6%","0.5%","0.6%","1.0%","0.6%","0.4%","1.0%","1.1%","0.6%","0.6%","0.4%","0.5%"
"Oct-2023","0.6%","0.5%","0.6%","1.1%","0.6%","0.4%","1.0%","1.1%","0.6%","0.6%","0.4%","0.5%"
"Sep-2023","0.6%","0.5%","0.6%","1.1%","0.6%","0.4%","1.0%","1.1%","0.6%","0.6%","0.4%","0.5%"
"Aug-2023","0.6%","0.5%","0.6%","1.1%","0.6%","0.4%","1.0%","1.1%","0.6%","0.6%","0.4%","0.5%"
"Jul-2023","0.6%","0.5%","0.6%","1.1%","0.6%","0.4%","1.1%","1.1%","0.6%","0.6%","0.4%","0.4%"
"Jun-2023","0.6%","0.5%","0.6%","1.1%","0.6%","0.4%","1.1%","1.1%","0.6%","0.6%","0.4%","0.5%"
"May-2023","0.6%","0.5%","0.6%","1.1%","0.6%","0.4%","1.1%","1.0%","0.6%","0.6%","0.4%","0.5%"
"Apr-2023","0.6%","0.5%","0.6%","1.1%","0.6%","0.4%","1.1%","1.1%","0.6%","0.6%","0.4%","0.5%"
"Mar-2023","0.6%","0.5%","0.6%","1.1%","0.6%","0.5%","1.1%","1.1%","0.6%","0.6%","0.4%","0.5%"
"Feb-2023","0.6%","0.6%","0.6%","1.1%","0.6%","0.5%","1.1%","1.1%","0.6%","0.7%","0.4%","0.5%"
"Jan-2023","0.6%","0.6%","0.7%","1.2%","0.7%","0.5%","1.2%","1.1%","0.7%","0.7%","0.4%","0.5%"
"Dec-2022","0.7%","0.6%","0.7%","1.2%","0.7%","0.5%","1.3%","1.2%","0.7%","0.7%","0.5%","0.6%"
"Nov-2022","0.7%","0.7%","0.7%","1.3%","0.8%","0.5%","1.4%","1.3%","0.8%","0.7%","0.5%","0.6%"
"Oct-2022","0.7%","0.7%","0.8%","1.4%","0.8%","0.6%","1.4%","1.4%","0.8%","0.8%","0.5%","0.6%"
"Sep-2022","0.8%","0.8%","0.8%","1.5%","0.9%","0.6%","1.5%","1.5%","0.9%","0.8%","0.6%","0.7%"
"Aug-2022","0.9%","0.8%","0.9%","1.6%","0.9%","0.7%","1.5%","1.7%","1.0%","0.9%","0.6%","0.7%"
"Jul-2022","1.0%","0.9%","1.0%","1.7%","1.0%","0.8%","1.6%","1.8%","1.1%","1.0%","0.7%","0.8%"
"Jun-2022","1.1%","1.0%","1.1%","1.9%","1.1%","0.9%","1.8%","2.0%","1.2%","1.1%","0.8%","0.9%"
"May-2022","1.2%","1.1%","1.2%","2.1%","1.3%","1.0%","1.9%","2.3%","1.4%","1.2%","0.9%","1.0%"
"Apr-2022","1.3%","1.3%","1.4%","2.2%","1.4%","1.0%","2.1%","2.4%","1.5%","1.4%","1.0%","1.1%"
"Mar-2022","1.4%","1.4%","1.5%","2.4%","1.6%","1.1%","2.2%","2.6%","1.7%","1.5%","1.1%","1.2%"
"Feb-2022","1.6%","1.5%","1.6%","2.6%","1.8%","1.2%","2.4%","2.9%","1.9%","1.7%","1.2%","1.3%"
"Jan-2022","1.7%","1.6%","1.7%","2.8%","1.9%","1.3%","2.6%","3.1%","2.0%","1.8%","1.2%","1.4%"
"Dec-2021","1.8%","1.7%","1.9%","2.9%","2.0%","1.4%","2.6%","3.2%","2.2%","1.9%","1.3%","1.5%"
"Nov-2021","1.9%","1.8%","1.9%","3.0%","2.2%","1.5%","2.7%","3.3%","2.3%","2.1%","1.4%","1.6%"
"Oct-2021","2.0%","1.9%","2.0%","3.1%","2.3%","1.6%","2.8%","3.5%","2.4%","2.2%","1.5%","1.7%"
"Sep-2021","2.0%","1.9%","2.1%","3.2%","2.4%","1.6%","2.9%","3.5%","2.6%","2.2%","1.5%","1.7%"
"Aug-2021","2.0%","1.9%","2.1%","3.1%","2.4%","1.6%","2.8%","3.4%","2.5%","2.3%","1.5%","1.7%"
"Jul-2021","1.9%","1.9%","2.0%","3.0%","2.3%","1.5%","2.7%","3.3%","2.5%","2.2%","1.4%","1.6%"
"Jun-2021","1.8%","1.8%","1.9%","2.8%","2.3%","1.4%","2.6%","3.1%","2.4%","2.1%","1.4%","1.5%"
"May-2021","1.7%","1.7%","1.8%","2.6%","2.1%","1.3%","2.4%","2.9%","2.2%","2.0%","1.3%","1.4%"
"Apr-2021","1.6%","1.5%","1.6%","2.5%","2.0%","1.2%","2.3%","2.7%","2.1%","1.9%","1.2%","1.3%"
"Mar-2021","1.5%","1.4%","1.5%","2.3%","1.8%","1.1%","2.1%","2.5%","1.9%","1.7%","1.1%","1.2%"
"Feb-2021","1.3%","1.3%","1.3%","2.1%","1.6%","1.0%","1.9%","2.3%","1.7%","1.5%","1.0%","1.1%"
"Jan-2021","1.2%","1.1%","1.2%","1.8%","1.4%","0.9%","1.7%","2.0%","1.5%","1.3%","0.8%","1.0%"
"Dec-2020","1.0%","1.0%","1.1%","1.7%","1.3%","0.8%","1.5%","1.9%","1.4%","1.2%","0.7%","0.9%"
"Nov-2020","0.9%","0.9%","0.9%","1.5%","1.1%","0.7%","1.4%","1.6%","1.2%","1.0%","0.6%","0.8%"
"Oct-2020","0.8%","0.7%","0.8%","1.3%","0.9%","0.6%","1.2%","1.4%","1.0%","0.8%","0.5%","0.7%"
"Sep-2020","0.7%","0.6%","0.7%","1.1%","0.8%","0.5%","1.0%","1.2%","0.8%","0.7%","0.4%","0.6%"
"Aug-2020","0.6%","0.6%","0.6%","1.1%","0.7%","0.5%","1.0%","1.2%","0.8%","0.6%","0.4%","0.5%"
"Jul-2020","0.6%","0.6%","0.6%","1.1%","0.6%","0.5%","1.0%","1.2%","0.7%","0.6%","0.4%","0.5%"
"Jun-2020","0.6%","0.5%","0.6%","1.1%","0.6%","0.5%","1.0%","1.2%","0.6%","0.5%","0.4%","0.5%"
"May-2020","0.6%","0.5%","0.6%","1.1%","0.6%","0.5%","1.0%","1.2%","0.7%","0.5%","0.4%","0.5%"
"Apr-2020","0.6%","0.5%","0.6%","1.1%","0.6%","0.5%","1.0%","1.2%","0.7%","0.5%","0.4%","0.6%"
"Mar-2020","0.6%","0.6%","0.6%","1.1%","0.6%","0.5%","1.0%","1.2%","0.7%","0.5%","0.4%","0.6%"
"Feb-2020","0.6%","0.6%","0.6%","1.2%","0.6%","0.5%","1.1%","1.2%","0.7%","0.5%","0.4%","0.6%"
"Jan-2020","0.6%","0.6%","0.6%","1.2%","0.6%","0.5%","1.1%","1.3%","0.6%","0.5%","0.4%","0.6%"
"Dec-2019","0.6%","0.6%","0.6%","1.2%","0.6%","0.5%","1.1%","1.3%","0.6%","0.5%","0.5%","0.6%"
"Nov-2019","0.6%","0.6%","0.6%","1.2%","0.6%","0.5%","1.1%","1.3%","0.6%","0.5%","0.5%","0.6%"
"Oct-2019","0.6%","0.6%","0.7%","1.2%","0.6%","0.5%","1.2%","1.3%","0.6%","0.6%","0.5%","0.6%"
"Sep-2019","0.6%","0.6%","0.7%","1.3%","0.6%","0.5%","1.2%","1.4%","0.6%","0.6%","0.5%","0.6%"
"Aug-2019","0.6%","0.6%","0.7%","1.3%","0.6%","0.5%","1.2%","1.4%","0.6%","0.6%","0.5%","0.6%"
"Jul-2019","0.7%","0.6%","0.7%","1.3%","0.6%","0.5%","1.2%","1.4%","0.6%","0.6%","0.5%","0.6%"
"Jun-2019","0.7%","0.7%","0.7%","1.3%","0.6%","0.5%","1.2%","1.4%","0.7%","0.6%","0.5%","0.6%"
"May-2019","0.7%","0.7%","0.7%","1.3%","0.6%","0.5%","1.2%","1.4%","0.6%","0.6%","0.5%","0.6%"
"Apr-2019","0.7%","0.7%","0.7%","1.3%","0.6%","0.5%","1.2%","1.4%","0.6%","0.6%","0.5%","0.6%"
"Mar-2019","0.7%","0.7%","0.7%","1.3%","0.6%","0.6%","1.3%","1.3%","0.6%","0.6%","0.5%","0.6%"
"Feb-2019","0.7%","0.7%","0.7%","1.3%","0.6%","0.6%","1.3%","1.4%","0.6%","0.6%","0.5%","0.6%"
"Jan-2019","0.7%","0.7%","0.7%","1.3%","0.6%","0.6%","1.3%","1.4%","0.7%","0.6%","0.5%","0.6%"
"Dec-2018","0.7%","0.7%","0.7%","1.4%","0.6%","0.6%","1.3%","1.4%","0.7%","0.6%","0.5%","0.6%"
"Nov-2018","0.7%","0.7%","0.7%","1.4%","0.7%","0.6%","1.3%","1.5%","0.8%","0.6%","0.5%","0.6%"
"Oct-2018","0.7%","0.7%","0.7%","1.4%","0.7%","0.6%","1.4%","1.5%","0.8%","0.6%","0.5%","0.6%"
"Sep-2018","0.7%","0.7%","0.7%","1.5%","0.7%","0.6%","1.4%","1.5%","0.8%","0.6%","0.5%","0.6%"
"Aug-2018","0.7%","0.7%","0.7%","1.5%","0.7%","0.6%","1.4%","1.6%","0.9%","0.6%","0.5%","0.6%"
"Jul-2018","0.7%","0.7%","0.8%","1.5%","0.7%","0.6%","1.5%","1.6%","0.9%","0.6%","0.5%","0.6%"
"Jun-2018","0.8%","0.8%","0.8%","1.5%","0.7%","0.6%","1.5%","1.6%","0.9%","0.6%","0.5%","0.7%"
"May-2018","0.8%","0.8%","0.8%","1.6%","0.7%","0.6%","1.5%","1.6%","0.9%","0.6%","0.6%","0.7%"
"Apr-2018","0.8%","0.8%","0.8%","1.6%","0.8%","0.6%","1.6%","1.6%","0.9%","0.6%","0.6%","0.7%"
"Mar-2018","0.8%","0.8%","0.8%","1.6%","0.8%","0.6%","1.6%","1.6%","1.0%","0.6%","0.6%","0.7%"
"Feb-2018","0.8%","0.8%","0.8%","1.6%","0.8%","0.7%","1.6%","1.7%","1.0%","0.7%","0.6%","0.7%"
"Jan-2018","0.8%","0.9%","0.8%","1.7%","0.8%","0.7%","1.6%","1.7%","1.0%","0.7%","0.6%","0.7%"
"Dec-2017","0.9%","0.9%","0.9%","1.7%","0.8%","0.7%","1.6%","1.7%","1.0%","0.7%","0.6%","0.8%"
"Nov-2017","0.9%","0.9%","0.9%","1.7%","0.8%","0.7%","1.7%","1.7%","1.0%","0.7%","0.7%","0.8%"
"Oct-2017","0.9%","0.9%","0.9%","1.7%","0.9%","0.7%","1.7%","1.6%","1.1%","0.7%","0.7%","0.8%"
"Sep-2017","0.9%","0.9%","0.9%","1.7%","0.9%","0.8%","1.7%","1.6%","1.1%","0.8%","0.7%","0.8%"
"Aug-2017","0.9%","0.9%","0.9%","1.7%","0.9%","0.8%","1.8%","1.6%","1.1%","0.8%","0.7%","0.8%"
"Jul-2017","0.9%","0.9%","0.9%","1.7%","1.0%","0.8%","1.8%","1.6%","1.1%","0.8%","0.7%","0.8%"
"Jun-2017","0.9%","0.9%","0.9%","1.7%","1.0%","0.8%","1.8%","1.6%","1.1%","0.8%","0.7%","0.9%"
"May-2017","1.0%","1.0%","1.0%","1.7%","1.0%","0.8%","1.8%","1.6%","1.2%","0.9%","0.7%","0.9%"
"Apr-2017","1.0%","1.0%","1.0%","1.8%","1.0%","0.8%","1.9%","1.7%","1.2%","0.8%","0.7%","0.9%"
"Mar-2017","1.0%","1.0%","1.0%","1.8%","1.0%","0.8%","1.9%","1.8%","1.2%","0.9%","0.7%","0.9%"
"Feb-2017","1.0%","1.0%","1.0%","1.9%","1.0%","0.8%","1.9%","1.9%","1.2%","0.9%","0.7%","0.9%"
"Jan-2017","1.0%","1.0%","1.0%","1.9%","1.0%","0.8%","1.9%","2.0%","1.2%","0.9%","0.7%","0.9%"
"Dec-2016","1.0%","1.0%","1.1%","2.0%","1.0%","0.8%","2.0%","2.1%","1.2%","0.9%","0.7%","0.9%"
"Nov-2016","1.0%","1.0%","1.1%","2.0%","1.0%","0.8%","2.0%","2.1%","1.2%","0.9%","0.7%","0.9%"
"Oct-2016","1.0%","1.0%","1.1%","2.1%","1.0%","0.8%","2.0%","2.2%","1.2%","0.9%","0.7%","0.9%"
"Sep-2016","1.0%","1.0%","1.1%","2.1%","1.0%","0.8%","2.0%","2.3%","1.2%","0.9%","0.7%","0.9%"
"Aug-2016","1.1%","1.0%","1.1%","2.1%","1.0%","0.8%","2.0%","2.3%","1.2%","0.9%","0.7%","1.0%"
"Jul-2016","1.1%","1.0%","1.1%","2.2%","1.1%","0.8%","2.0%","2.5%","1.2%","0.9%","0.7%","1.0%"
"Jun-2016","1.1%","1.0%","1.1%","2.3%","1.1%","0.8%","2.0%","2.5%","1.3%","0.9%","0.7%","0.9%"
"May-2016","1.1%","1.0%","1.1%","2.3%","1.1%","0.8%","2.0%","2.6%","1.2%","0.9%","0.7%","0.9%"
"Apr-2016","1.1%","1.0%","1.2%","2.3%","1.1%","0.9%","2.1%","2.7%","1.3%","1.0%","0.7%","1.0%"
"Mar-2016","1.1%","1.0%","1.2%","2.4%","1.1%","0.9%","2.1%","2.7%","1.3%","1.0%","0.7%","1.0%"
"Feb-2016","1.1%","1.0%","1.2%","2.5%","1.2%","0.9%","2.2%","2.8%","1.4%","1.0%","0.8%","1.0%"
"Jan-2016","1.2%","1.1%","1.2%","2.5%","1.2%","0.9%","2.2%","2.8%","1.4%","1.1%","0.8%","1.0%"
"Dec-2015","1.2%","1.1%","1.2%","2.5%","1.3%","0.9%","2.2%","2.8%","1.5%","1.1%","0.8%","1.0%"
"Nov-2015","1.2%","1.2%","1.3%","2.6%","1.3%","0.9%","2.3%","2.9%","1.5%","1.1%","0.9%","1.0%"
"Oct-2015","1.2%","1.2%","1.3%","2.6%","1.3%","1.0%","2.4%","2.9%","1.5%","1.1%","0.9%","1.0%"
"Sep-2015","1.3%","1.2%","1.3%","2.7%","1.3%","1.0%","2.4%","3.0%","1.6%","1.1%","0.9%","1.0%"
"Aug-2015","1.3%","1.3%","1.3%","2.8%","1.3%","1.0%","2.5%","3.1%","1.6%","1.1%","1.0%","1.1%"
"Jul-2015","1.3%","1.3%","1.4%","2.8%","1.4%","1.0%","2.6%","3.1%","1.7%","1.2%","1.0%","1.1%"
"Jun-2015","1.4%","1.4%","1.4%","2.9%","1.4%","1.1%","2.7%","3.2%","1.7%","1.2%","1.1%","1.1%"
"May-2015","1.4%","1.4%","1.4%","3.0%","1.5%","1.1%","2.8%","3.2%","1.8%","1.2%","1.1%","1.2%"
"Apr-2015","1.5%","1.5%","1.5%","3.1%","1.5%","1.2%","2.9%","3.3%","1.9%","1.3%","1.1%","1.2%"
"Mar-2015","1.5%","1.5%","1.5%","3.2%","1.6%","1.2%","3.0%","3.4%","1.9%","1.3%","1.2%","1.2%"
"Feb-2015","1.6%","1.6%","1.6%","3.3%","1.6%","1.2%","3.1%","3.5%","1.9%","1.4%","1.2%","1.3%"
"Jan-2015","1.6%","1.6%","1.6%","3.4%","1.7%","1.3%","3.2%","3.6%","2.0%","1.4%","1.2%","1.3%"
"Dec-2014","1.7%","1.6%","1.7%","3.5%","1.7%","1.3%","3.2%","3.8%","2.1%","1.5%","1.2%","1.3%"
"Nov-2014","1.7%","1.7%","1.7%","3.6%","1.8%","1.3%","3.3%","3.9%","2.1%","1.6%","1.3%","1.4%"
"Oct-2014","1.8%","1.7%","1.8%","3.7%","1.9%","1.4%","3.4%","4.0%","2.2%","1.7%","1.3%","1.4%"
"Sep-2014","1.8%","1.8%","1.8%","3.8%","2.0%","1.4%","3.6%","4.0%","2.2%","1.8%","1.3%","1.5%"
"Aug-2014","1.9%","1.8%","1.9%","3.8%","2.1%","1.5%","3.6%","4.1%","2.3%","1.9%","1.4%","1.5%"
"Jul-2014","1.9%","1.9%","2.0%","3.9%","2.1%","1.5%","3.7%","4.2%","2.4%","2.0%","1.4%","1.6%"
"Jun-2014","2.0%","1.9%","2.0%","4.0%","2.2%","1.6%","3.8%","4.2%","2.4%","2.0%","1.4%","1.7%"
"May-2014","2.0%","2.0%","2.1%","4.1%","2.3%","1.6%","3.9%","4.3%","2.5%","2.1%","1.5%","1.7%"
"Apr-2014","2.1%","2.0%","2.1%","4.1%","2.3%","1.6%","3.9%","4.4%","2.5%","2.1%","1.5%","1.8%"
"Mar-2014","2.1%","2.0%","2.2%","4.2%","2.3%","1.7%","3.9%","4.5%","2.5%","2.2%","1.5%","1.8%"
"Feb-2014","2.1%","2.1%","2.2%","4.2%","2.4%","1.7%","3.9%","4.5%","2.6%","2.2%","1.6%","1.8%"
"Jan-2014","2.2%","2.1%","2.2%","4.2%","2.4%","1.8%","4.0%","4.5%","2.6%","2.3%","1.6%","1.9%"
"Dec-2013","2.2%","2.2%","2.3%","4.3%","2.4%","1.8%","4.1%","4.5%","2.7%","2.3%","1.7%","1.9%"
"Nov-2013","2.3%","2.2%","2.3%","4.3%","2.5%","1.8%","4.2%","4.5%","2.7%","2.3%","1.7%","2.0%"
"Oct-2013","2.3%","2.3%","2.3%","4.3%","2.6%","1.9%","4.2%","4.6%","2.8%","2.4%","1.7%","2.0%"
"Sep-2013","2.3%","2.3%","2.4%","4.4%","2.6%","1.9%","4.1%","4.7%","2.9%","2.4%","1.8%","2.0%"
"Aug-2013","2.4%","2.3%","2.4%","4.5%","2.7%","1.9%","4.2%","4.8%","3.0%","2.5%","1.8%","2.0%"
"Jul-2013","2.4%","2.4%","2.4%","4.6%","2.7%","2.0%","4.3%","4.9%","3.0%","2.5%","1.9%","2.0%"
"Jun-2013","2.5%","2.4%","2.5%","4.7%","2.8%","2.0%","4.4%","5.0%","3.1%","2.5%","1.9%","2.1%"
"May-2013","2.5%","2.5%","2.5%","4.7%","2.8%","2.0%","4.4%","5.1%","3.1%","2.6%","1.9%","2.1%"
"Apr-2013","2.6%","2.5%","2.6%","4.8%","2.9%","2.1%","4.5%","5.1%","3.2%","2.7%","2.0%","2.1%"
"Mar-2013","2.6%","2.6%","2.6%","4.8%","2.9%","2.1%","4.5%","5.2%","3.3%","2.7%","2.0%","2.2%"
"Feb-2013","2.6%","2.6%","2.6%","4.9%","3.0%","2.1%","4.5%","5.3%","3.3%","2.7%","2.1%","2.2%"
"Jan-2013","2.7%","2.6%","2.7%","4.9%","3.0%","2.2%","4.5%","5.4%","3.4%","2.7%","2.1%","2.2%"
"Dec-2012","2.7%","2.7%","2.7%","5.0%","3.1%","2.2%","4.6%","5.5%","3.4%","2.8%","2.1%","2.3%"
"Nov-2012","2.7%","2.7%","2.7%","5.1%","3.1%","2.2%","4.7%","5.6%","3.5%","2.9%","2.2%","2.3%"
"Oct-2012","2.8%","2.8%","2.8%","5.2%","3.2%","2.3%","4.9%","5.7%","3.5%","2.9%","2.2%","2.3%"
"Sep-2012","2.8%","2.8%","2.8%","5.3%","3.2%","2.3%","5.0%","5.7%","3.5%","2.9%","2.2%","2.4%"
"Aug-2012","2.9%","2.9%","2.9%","5.4%","3.2%","2.3%","5.1%","5.8%","3.5%","3.0%","2.2%","2.4%"
"Jul-2012","2.9%","2.9%","3.0%","5.5%","3.2%","2.4%","5.2%","5.9%","3.6%","3.0%","2.3%","2.5%"
"Jun-2012","3.0%","2.9%","3.0%","5.6%","3.3%","2.4%","5.3%","6.0%","3.6%","3.0%","2.3%","2.5%"
"May-2012","3.0%","3.0%","3.1%","5.7%","3.3%","2.5%","5.4%","6.1%","3.7%","3.0%","2.3%","2.6%"
"Apr-2012","3.1%","3.0%","3.1%","5.8%","3.3%","2.5%","5.4%","6.3%","3.7%","3.1%","2.3%","2.6%"
"Mar-2012","3.1%","3.0%","3.2%","5.9%","3.4%","2.5%","5.4%","6.4%","3.8%","3.2%","2.4%","2.7%"
"Feb-2012","3.1%","3.0%","3.2%","5.9%","3.5%","2.5%","5.4%","6.6%","3.8%","3.2%","2.4%","2.7%"
"Jan-2012","3.2%","3.0%","3.3%","6.0%","3.5%","2.6%","5.4%","6.7%","3.8%","3.3%","2.4%","2.8%"
"Dec-2011","3.2%","3.0%","3.4%","6.1%","3.5%","2.6%","5.4%","6.8%","3.8%","3.4%","2.4%","2.8%"
"Nov-2011","3.2%","3.0%","3.4%","6.1%","3.6%","2.6%","5.4%","6.9%","3.8%","3.4%","2.4%","2.9%"
"Oct-2011","3.3%","3.1%","3.5%","6.1%","3.6%","2.7%","5.3%","7.0%","3.9%","3.4%","2.4%","2.9%"
"Sep-2011","3.3%","3.1%","3.5%","6.1%","3.7%","2.7%","5.3%","7.0%","3.9%","3.5%","2.4%","2.9%"
"Aug-2011","3.3%","3.0%","3.5%","6.1%","3.7%","2.7%","5.2%","7.0%","3.9%","3.6%","2.4%","3.0%"
"Jul-2011","3.3%","3.0%","3.6%","6.0%","3.7%","2.7%","5.2%","7.0%","3.9%","3.6%","2.4%","3.0%"
"Jun-2011","3.3%","3.0%","3.6%","6.0%","3.8%","2.7%","5.1%","6.9%","3.9%","3.7%","2.4%","3.0%"
"May-2011","3.3%","3.0%","3.6%","5.9%","3.8%","2.8%","5.0%","6.9%","3.9%","3.7%","2.4%","3.1%"
"Apr-2011","3.3%","3.0%","3.6%","5.9%","3.8%","2.8%","5.0%","7.0%","3.9%","3.7%","2.4%","3.1%"
"Mar-2011","3.4%","3.0%","3.7%","5.9%","3.9%","2.8%","5.0%","7.0%","3.9%","3.8%","2.4%","3.2%"
"Feb-2011","3.4%","3.0%","3.7%","5.9%","3.9%","2.9%","5.1%","6.9%","3.9%","3.9%","2.5%","3.2%"
"Jan-2011","3.4%","3.0%","3.8%","5.9%","3.9%","2.9%","5.0%","7.0%","3.9%","3.9%","2.5%","3.3%"
"Dec-2010","3.4%","3.0%","3.8%","5.9%","3.9%","2.9%","5.0%","7.0%","3.8%","3.9%","2.5%","3.3%"
"Nov-2010","3.4%","3.0%","3.8%","5.9%","3.8%","2.9%","5.0%","6.9%","3.8%","3.9%","2.4%","3.3%"
"Oct-2010","3.4%","2.9%","3.8%","5.8%","3.8%","2.9%","4.9%","6.9%","3.8%","3.9%","2.4%","3.3%"
"Sep-2010","3.4%","2.9%","3.8%","5.8%","3.8%","2.9%","4.8%","6.8%","3.7%","3.8%","2.4%","3.3%"
"Aug-2010","3.3%","2.9%","3.7%","5.7%","3.7%","2.8%","4.8%","6.7%","3.7%","3.7%","2.4%","3.3%"
"Jul-2010","3.3%","2.8%","3.7%","5.6%","3.7%","2.8%","4.6%","6.7%","3.6%","3.7%","2.3%","3.2%"
"Jun-2010","3.2%","2.7%","3.6%","5.5%","3.6%","2.7%","4.5%","6.7%","3.5%","3.6%","2.3%","3.1%"
"May-2010","3.1%","2.7%","3.5%","5.4%","3.4%","2.6%","4.4%","6.5%","3.4%","3.5%","2.2%","3.0%"
"Apr-2010","3.0%","2.5%","3.3%","5.2%","3.3%","2.5%","4.3%","6.3%","3.3%","3.3%","2.1%","2.9%"
"Mar-2010","2.8%","2.4%","3.2%","5.0%","3.1%","2.4%","4.1%","6.1%","3.1%","3.1%","2.0%","2.8%"
"Feb-2010","2.7%","2.3%","3.0%","4.8%","3.0%","2.3%","3.9%","5.9%","3.0%","2.9%","1.9%","2.6%"
"Jan-2010","2.5%","2.2%","2.8%","4.6%","2.8%","2.1%","3.7%","5.5%","2.9%","2.7%","1.8%","2.4%"
"Dec-2009","2.3%","2.1%","2.6%","4.3%","2.6%","2.0%","3.5%","5.2%","2.8%","2.5%","1.7%","2.2%"
"Nov-2009","2.2%","1.9%","2.4%","4.0%","2.4%","1.8%","3.2%","4.9%","2.6%","2.3%","1.6%","2.1%"
"Oct-2009","2.0%","1.8%","2.2%","3.8%","2.2%","1.7%","3.0%","4.7%","2.4%","2.1%","1.5%","1.9%"
"Sep-2009","1.9%","1.7%","2.1%","3.6%","2.1%","1.6%","2.8%","4.5%","2.2%","2.0%","1.4%","1.7%"
"Aug-2009","1.7%","1.5%","1.9%","3.3%","1.9%","1.4%","2.6%","4.2%","2.1%","1.8%","1.2%","1.6%"
"Jul-2009","1.6%","1.4%","1.7%","3.1%","1.7%","1.3%","2.4%","3.9%","1.9%","1.6%","1.1%","1.4%"
"Jun-2009","1.4%","1.3%","1.5%","2.9%","1.5%","1.2%","2.2%","3.6%","1.7%","1.4%","1.1%","1.3%"
"May-2009","1.3%","1.2%","1.4%","2.7%","1.4%","1.1%","2.1%","3.4%","1.6%","1.3%","1.0%","1.1%"
"Apr-2009","1.2%","1.1%","1.3%","2.5%","1.3%","1.0%","2.0%","3.1%","1.5%","1.2%","0.9%","1.0%"
"Mar-2009","1.1%","1.0%","1.2%","2.3%","1.2%","0.9%","1.9%","2.8%","1.4%","1.1%","0.8%","0.9%"
"Feb-2009","1.0%","1.0%","1.1%","2.2%","1.1%","0.8%","1.8%","2.6%","1.3%","1.0%","0.8%","0.8%"
"Jan-2009","0.9%","0.9%","1.0%","2.0%","1.0%","0.7%","1.7%","2.4%","1.2%","0.9%","0.7%","0.8%"
"Dec-2008","0.9%","0.8%","0.9%","1.9%","1.0%","0.7%","1.6%","2.3%","1.1%","0.9%","0.7%","0.7%"
"Nov-2008","0.8%","0.8%","0.9%","1.8%","0.9%","0.7%","1.6%","2.1%","1.1%","0.8%","0.6%","0.7%"
"Oct-2008","0.8%","0.8%","0.8%","1.7%","0.9%","0.6%","1.6%","1.9%","1.0%","0.8%","0.6%","0.7%"
"Sep-2008","0.8%","0.7%","0.8%","1.6%","0.8%","0.6%","1.5%","1.8%","1.0%","0.7%","0.6%","0.6%"
"Aug-2008","0.7%","0.7%","0.7%","1.6%","0.8%","0.6%","1.4%","1.7%","0.9%","0.7%","0.5%","0.6%"
"Jul-2008","0.7%","0.7%","0.7%","1.5%","0.7%","0.5%","1.4%","1.6%","0.9%","0.6%","0.5%","0.6%"
"Jun-2008","0.7%","0.7%","0.7%","1.5%","0.7%","0.5%","1.3%","1.6%","0.8%","0.6%","0.5%","0.6%"
"May-2008","0.7%","0.6%","0.7%","1.4%","0.7%","0.5%","1.3%","1.5%","0.8%","0.6%","0.5%","0.6%"
"Apr-2008","0.6%","0.6%","0.7%","1.4%","0.7%","0.5%","1.2%","1.5%","0.8%","0.6%","0.5%","0.6%"
"Mar-2008","0.6%","0.6%","0.7%","1.4%","0.6%","0.5%","1.2%","1.5%","0.8%","0.5%","0.5%","0.6%"
"Feb-2008","0.6%","0.6%","0.7%","1.4%","0.6%","0.5%","1.2%","1.5%","0.8%","0.5%","0.5%","0.5%"
"Jan-2008","0.6%","0.6%","0.7%","1.4%","0.6%","0.5%","1.2%","1.5%","0.8%","0.6%","0.5%","0.5%"
"Dec-2007","0.6%","0.6%","0.6%","1.4%","0.6%","0.5%","1.2%","1.5%","0.7%","0.5%","0.5%","0.5%"
"Nov-2007","0.6%","0.6%","0.6%","1.4%","0.6%","0.5%","1.2%","1.5%","0.7%","0.5%","0.5%","0.5%"
"Oct-2007","0.6%","0.6%","0.6%","1.3%","0.6%","0.5%","1.2%","1.5%","0.7%","0.5%","0.5%","0.5%"
"Sep-2007","0.6%","0.6%","0.6%","1.3%","0.6%","0.5%","1.1%","1.5%","0.7%","0.5%","0.4%","0.5%"
"Aug-2007","0.6%","0.6%","0.6%","1.3%","0.6%","0.5%","1.2%","1.5%","0.7%","0.5%","0.5%","0.5%"
"Jul-2007","0.6%","0.6%","0.6%","1.3%","0.6%","0.5%","1.2%","1.5%","0.7%","0.5%","0.5%","0.5%"
"Jun-2007","0.6%","0.6%","0.6%","1.3%","0.6%","0.5%","1.2%","1.5%","0.7%","0.5%","0.4%","0.5%"
"May-2007","0.6%","0.6%","0.6%","1.4%","0.6%","0.5%","1.2%","1.5%","0.7%","0.5%","0.4%","0.5%"
"Apr-2007","0.6%","0.6%","0.6%","1.4%","0.5%","0.5%","1.3%","1.5%","0.6%","0.5%","0.5%","0.5%"
"Mar-2007","0.6%","0.6%","0.6%","1.4%","0.5%","0.5%","1.3%","1.4%","0.6%","0.5%","0.5%","0.5%"
"Feb-2007","0.6%","0.6%","0.6%","1.4%","0.6%","0.5%","1.3%","1.4%","0.7%","0.5%","0.5%","0.5%"
"Jan-2007","0.6%","0.6%","0.6%","1.4%","0.6%","0.5%","1.3%","1.5%","0.7%","0.5%","0.5%","0.5%"
"Dec-2006","0.6%","0.6%","0.6%","1.4%","0.6%","0.5%","1.3%","1.5%","0.7%","0.5%","0.5%","0.5%"
"Nov-2006","0.6%","0.6%","0.7%","1.5%","0.6%","0.5%","1.4%","1.5%","0.7%","0.5%","0.5%","0.6%"
"Oct-2006","0.7%","0.6%","0.7%","1.5%","0.6%","0.5%","1.4%","1.6%","0.7%","0.5%","0.5%","0.6%"
"Sep-2006","0.7%","0.7%","0.7%","1.6%","0.6%","0.5%","1.5%","1.7%","0.7%","0.5%","0.5%","0.6%"
"Aug-2006","0.7%","0.7%","0.7%","1.6%","0.6%","0.5%","1.5%","1.7%","0.8%","0.5%","0.5%","0.6%"
"Jul-2006","0.7%","0.7%","0.7%","1.7%","0.6%","0.5%","1.6%","1.8%","0.8%","0.5%","0.5%","0.6%"
"Jun-2006","0.7%","0.7%","0.7%","1.7%","0.6%","0.5%","1.6%","1.8%","0.8%","0.5%","0.5%","0.6%"
"May-2006","0.7%","0.7%","0.7%","1.7%","0.7%","0.6%","1.6%","1.8%","0.8%","0.5%","0.5%","0.6%"
"Apr-2006","0.7%","0.7%","0.7%","1.7%","0.7%","0.6%","1.6%","1.8%","0.9%","0.6%","0.5%","0.6%"
"Mar-2006","0.7%","0.7%","0.7%","1.7%","0.7%","0.6%","1.6%","1.8%","0.9%","0.6%","0.5%","0.6%"
"Feb-2006","0.8%","0.7%","0.8%","1.7%","0.7%","0.6%","1.7%","1.9%","0.9%","0.6%","0.5%","0.6%"
"Jan-2006","0.8%","0.7%","0.8%","1.8%","0.7%","0.6%","1.7%","1.9%","0.9%","0.6%","0.5%","0.6%"
"Dec-2005","0.8%","0.8%","0.8%","1.8%","0.7%","0.6%","1.8%","1.9%","0.9%","0.6%","0.5%","0.7%"
"Nov-2005","0.8%","0.8%","0.8%","1.9%","0.7%","0.6%","1.8%","2.0%","0.9%","0.6%","0.6%","0.7%"
"Oct-2005","0.8%","0.8%","0.8%","1.9%","0.7%","0.6%","1.8%","2.0%","0.9%","0.6%","0.6%","0.7%"
"Sep-2005","0.8%","0.8%","0.8%","1.9%","0.7%","0.6%","1.8%","2.1%","0.9%","0.6%","0.6%","0.7%"
"Aug-2005","0.8%","0.8%","0.9%","1.9%","0.7%","0.6%","1.8%","2.1%","0.9%","0.6%","0.6%","0.7%"
"Jul-2005","0.8%","0.8%","0.9%","2.0%","0.7%","0.7%","1.8%","2.1%","0.9%","0.6%","0.6%","0.7%"
"Jun-2005","0.9%","0.8%","0.9%","2.0%","0.7%","0.7%","1.8%","2.2%","0.9%","0.6%","0.6%","0.7%"
"May-2005","0.9%","0.8%","0.9%","2.0%","0.8%","0.7%","1.8%","2.3%","1.0%","0.7%","0.6%","0.8%"
"Apr-2005","0.9%","0.8%","0.9%","2.0%","0.8%","0.7%","1.8%","2.3%","1.0%","0.7%","0.6%","0.8%"
"Mar-2005","0.9%","0.8%","1.0%","2.0%","0.8%","0.7%","1.8%","2.2%","1.0%","0.7%","0.6%","0.8%"
"Feb-2005","0.9%","0.9%","1.0%","2.0%","0.9%","0.7%","1.9%","2.2%","1.1%","0.8%","0.6%","0.8%"
"Jan-2005","0.9%","0.9%","1.0%","2.0%","0.9%","0.7%","1.9%","2.2%","1.1%","0.8%","0.6%","0.8%"
"Dec-2004","1.0%","0.9%","1.0%","2.0%","1.0%","0.8%","1.9%","2.2%","1.2%","0.8%","0.7%","0.9%"
"Nov-2004","1.0%","0.9%","1.0%","2.0%","1.0%","0.8%","1.8%","2.2%","1.2%","0.8%","0.7%","0.9%"
"Oct-2004","1.0%","0.9%","1.0%","2.0%","1.0%","0.8%","1.8%","2.2%","1.3%","0.9%","0.7%","0.9%"
"Sep-2004","1.0%","0.9%","1.1%","2.0%","1.0%","0.8%","1.8%","2.2%","1.3%","0.9%","0.7%","0.9%"
"Aug-2004","1.0%","0.9%","1.1%","2.0%","1.1%","0.8%","1.9%","2.2%","1.3%","0.9%","0.7%","0.9%"
"Jul-2004","1.0%","1.0%","1.1%","2.0%","1.1%","0.8%","1.9%","2.2%","1.3%","0.9%","0.7%","0.9%"
"Jun-2004","1.1%","1.0%","1.1%","2.0%","1.1%","0.9%","1.9%","2.1%","1.4%","0.9%","0.7%","1.0%"
"May-2004","1.1%","1.0%","1.1%","2.0%","1.1%","0.9%","1.9%","2.1%","1.3%","0.9%","0.7%","1.0%"
"Apr-2004","1.1%","1.0%","1.1%","2.0%","1.0%","0.9%","1.9%","2.2%","1.3%","0.9%","0.7%","1.0%"
"Mar-2004","1.1%","1.0%","1.2%","2.1%","1.0%","0.9%","1.9%","2.3%","1.3%","0.8%","0.7%","1.0%"
"Feb-2004","1.1%","1.0%","1.2%","2.1%","1.0%","0.9%","1.9%","2.4%","1.3%","0.8%","0.7%","1.0%"
"Jan-2004","1.1%","1.0%","1.2%","2.1%","1.0%","0.9%","1.9%","2.4%","1.2%","0.8%","0.7%","1.0%"
"Dec-2003","1.1%","1.0%","1.2%","2.2%","1.0%","0.9%","1.9%","2.5%","1.2%","0.8%","0.7%","1.0%"
"Nov-2003","1.1%","1.0%","1.2%","2.1%","1.0%","0.9%","1.9%","2.5%","1.3%","0.8%","0.7%","1.0%"
"Oct-2003","1.1%","1.0%","1.2%","2.1%","0.9%","0.9%","1.9%","2.5%","1.2%","0.7%","0.7%","1.0%"
"Sep-2003","1.0%","0.9%","1.1%","2.1%","0.9%","0.9%","1.8%","2.4%","1.2%","0.7%","0.7%","1.0%"
"Aug-2003","1.0%","0.9%","1.1%","2.0%","0.9%","0.9%","1.8%","2.3%","1.2%","0.8%","0.7%","1.0%"
"Jul-2003","1.0%","0.9%","1.1%","2.0%","0.9%","0.8%","1.8%","2.2%","1.1%","0.8%","0.7%","1.0%"
"Jun-2003","1.0%","0.9%","1.1%","2.0%","0.9%","0.8%","1.7%","2.2%","1.1%","0.7%","0.7%","0.9%"
"May-2003","1.0%","0.9%","1.0%","1.9%","0.9%","0.8%","1.7%","2.2%","1.1%","0.7%","0.7%","0.9%"
"Apr-2003","1.0%","0.9%","1.0%","1.9%","0.9%","0.8%","1.8%","2.1%","1.1%","0.7%","0.7%","0.9%"
"Mar-2003","0.9%","0.9%","1.0%","1.9%","0.9%","0.8%","1.8%","2.0%","1.1%","0.7%","0.7%","0.9%"
"Feb-2003","0.9%","0.9%","1.0%","1.8%","0.8%","0.8%","1.7%","1.9%","1.1%","0.7%","0.7%","0.9%"
"Jan-2003","0.9%","0.8%","0.9%","1.7%","0.8%","0.7%","1.7%","1.8%","1.1%","0.7%","0.6%","0.8%"
"Dec-2002","0.9%","0.8%","0.9%","1.6%","0.8%","0.7%","1.6%","1.7%","1.0%","0.7%","0.6%","0.8%"
"Nov-2002","0.8%","0.8%","0.8%","1.6%","0.8%","0.7%","1.5%","1.6%","1.0%","0.7%","0.6%","0.8%"
"Oct-2002","0.8%","0.7%","0.8%","1.5%","0.8%","0.7%","1.5%","1.5%","0.9%","0.6%","0.6%","0.7%"
"Sep-2002","0.7%","0.7%","0.8%","1.4%","0.7%","0.6%","1.4%","1.4%","0.9%","0.6%","0.5%","0.7%"
"Aug-2002","0.7%","0.7%","0.7%","1.4%","0.7%","0.6%","1.4%","1.4%","0.9%","0.6%","0.5%","0.7%"
"Jul-2002","0.7%","0.6%","0.7%","1.4%","0.7%","0.6%","1.3%","1.4%","0.8%","0.5%","0.5%","0.6%"
"Jun-2002","0.6%","0.6%","0.7%","1.3%","0.6%","0.5%","1.3%","1.3%","0.8%","0.5%","0.4%","0.6%"
"May-2002","0.6%","0.6%","0.6%","1.2%","0.6%","0.5%","1.2%","1.3%","0.7%","0.5%","0.4%","0.5%"
"Apr-2002","0.5%","0.5%","0.6%","1.1%","0.6%","0.4%","1.1%","1.2%","0.7%","0.5%","0.4%","0.5%"
"Mar-2002","0.5%","0.5%","0.5%","1.1%","0.5%","0.4%","1.0%","1.1%","0.7%","0.4%","0.4%","0.5%"
"Feb-2002","0.5%","0.4%","0.5%","1.0%","0.5%","0.4%","0.9%","1.1%","0.6%","0.4%","0.3%","0.4%"
"Jan-2002","0.4%","0.4%","0.5%","1.0%","0.5%","0.3%","0.9%","1.1%","0.6%","0.4%","0.3%","0.4%"
"Dec-2001","0.4%","0.4%","0.4%","1.0%","0.5%","0.3%","0.9%","1.0%","0.6%","0.4%","0.3%","0.4%"
"Nov-2001","0.4%","0.4%","0.4%","0.9%","0.5%","0.3%","0.9%","1.0%","0.6%","0.4%","0.3%","0.3%"
"Oct-2001","0.4%","0.4%","0.4%","0.9%","0.5%","0.3%","0.8%","0.9%","0.6%","0.4%","0.3%","0.3%"
"Sep-2001","0.4%","0.4%","0.4%","0.9%","0.5%","0.3%","0.8%","1.0%","0.6%","0.4%","0.3%","0.3%"
"Aug-2001","0.4%","0.4%","0.4%","0.9%","0.5%","0.3%","0.8%","1.0%","0.6%","0.3%","0.2%","0.3%"
"Jul-2001","0.4%","0.4%","0.4%","0.8%","0.5%","0.3%","0.7%","0.9%","0.7%","0.3%","0.2%","0.3%"
"Jun-2001","0.4%","0.4%","0.4%","0.8%","0.5%","0.3%","0.7%","1.0%","0.7%","0.3%","0.2%","0.3%"
"May-2001","0.3%","0.4%","0.3%","0.8%","0.5%","0.3%","0.7%","0.9%","0.7%","0.3%","0.2%","0.3%"
"Apr-2001","0.3%","0.4%","0.3%","0.8%","0.5%","0.3%","0.7%","0.9%","0.7%","0.3%","0.2%","0.3%"
"Mar-2001","0.3%","0.4%","0.3%","0.8%","0.5%","0.3%","0.7%","0.9%","0.7%","0.3%","0.2%","0.3%"
"Feb-2001","0.3%","0.3%","0.3%","0.7%","0.5%","0.3%","0.6%","0.9%","0.7%","0.3%","0.2%","0.3%"
"Jan-2001","0.3%","0.3%","0.3%","0.7%","0.5%","0.3%","0.6%","0.8%","0.7%","0.4%","0.2%","0.3%"
"Dec-2000","0.3%","0.3%","0.3%","0.7%","0.5%","0.3%","0.6%","0.9%","0.7%","0.4%","0.2%","0.3%"
"Nov-2000","0.4%","0.4%","0.3%","0.8%","0.5%","0.3%","0.7%","0.9%","0.7%","0.4%","0.2%","0.3%"
"Oct-2000","0.4%","0.4%","0.4%","0.8%","0.5%","0.3%","0.7%","0.9%","0.7%","0.4%","0.2%","0.3%"
"Sep-2000","0.4%","0.4%","0.4%","0.8%","0.5%","0.3%","0.7%","0.9%","0.6%","0.4%","0.2%","0.3%"
"Aug-2000","0.4%","0.4%","0.4%","0.8%","0.5%","0.3%","0.8%","0.9%","0.6%","0.4%","0.2%","0.3%"
"Jul-2000","0.4%","0.3%","0.4%","0.8%","0.5%","0.3%","0.8%","0.9%","0.6%","0.4%","0.2%","0.3%"
"Jun-2000","0.4%","0.3%","0.4%","0.8%","0.5%","0.3%","0.8%","0.9%","0.6%","0.4%","0.2%","0.3%"
"May-2000","0.4%","0.4%","0.4%","0.9%","0.5%","0.3%","0.8%","0.9%","0.6%","0.5%","0.2%","0.3%"
"Apr-2000","0.4%","0.4%","0.4%","0.9%","0.5%","0.3%","0.8%","1.0%","0.6%","0.5%","0.2%","0.3%"
"Mar-2000","0.4%","0.4%","0.4%","0.9%","0.5%","0.3%","0.9%","1.0%","0.6%","0.5%","0.2%","0.3%"
"Feb-2000","0.4%","0.4%","0.4%","1.0%","0.5%","0.3%","0.9%","1.0%","0.7%","0.5%","0.2%","0.3%"
"Jan-2000","0.4%","0.4%","0.4%","1.0%","0.5%","0.3%","0.9%","1.0%","0.7%","0.4%","0.3%","0.3%"
"Dec-1999","0.4%","0.4%","0.4%","1.0%","0.5%","0.3%","0.9%","1.0%","0.7%","0.4%","0.3%","0.3%"
"Nov-1999","0.4%","0.4%","0.4%","0.9%","0.5%","0.3%","0.9%","1.0%","0.7%","0.4%","0.3%","0.3%"
"Oct-1999","0.4%","0.4%","0.4%","1.0%","0.6%","0.3%","0.9%","1.0%","0.7%","0.4%","0.3%","0.3%"
"Sep-1999","0.4%","0.4%","0.4%","1.0%","0.6%","0.3%","1.0%","1.0%","0.8%","0.4%","0.3%","0.3%"
"Aug-1999","0.4%","0.4%","0.4%","1.0%","0.6%","0.3%","1.0%","1.1%","0.8%","0.5%","0.3%","0.3%"
"Jul-1999","0.4%","0.4%","0.4%","1.1%","0.6%","0.3%","1.0%","1.1%","0.8%","0.5%","0.3%","0.3%"
"Jun-1999","0.4%","0.4%","0.4%","1.1%","0.6%","0.3%","1.0%","1.1%","0.8%","0.5%","0.3%","0.3%"
"May-1999","0.4%","0.4%","0.4%","1.1%","0.6%","0.3%","1.0%","1.1%","0.8%","0.5%","0.3%","0.3%"
"Apr-1999","0.4%","0.4%","0.4%","1.1%","0.6%","0.3%","1.1%","1.1%","0.8%","0.5%","0.3%","0.3%"
"Mar-1999","0.5%","0.4%","0.5%","1.1%","0.6%","0.3%","1.1%","1.1%","0.8%","0.5%","0.3%","0.3%"
"Feb-1999","0.5%","0.4%","0.5%","1.2%","0.7%","0.3%","1.1%","1.2%","0.8%","0.5%","0.3%","0.4%"
"Jan-1999","0.5%","0.5%","0.5%","1.2%","0.7%","0.3%","1.2%","1.2%","0.9%","0.6%","0.3%","0.4%"
"Dec-1998","0.5%","0.5%","0.5%","1.2%","0.7%","0.3%","1.2%","1.2%","0.9%","0.6%","0.3%","0.4%"
"Nov-1998","0.5%","0.5%","0.5%","1.2%","0.7%","0.3%","1.2%","1.2%","0.9%","0.6%","0.3%","0.4%"
"Oct-1998","0.5%","0.5%","0.5%","1.2%","0.7%","0.3%","1.3%","1.2%","0.9%","0.7%","0.3%","0.4%"
"Sep-1998","0.5%","0.5%","0.5%","1.2%","0.8%","0.3%","1.3%","1.2%","0.9%","0.7%","0.3%","0.4%"
"Aug-1998","0.5%","0.5%","0.5%","1.2%","0.8%","0.4%","1.3%","1.2%","0.9%","0.7%","0.3%","0.4%"
"Jul-1998","0.5%","0.5%","0.6%","1.3%","0.8%","0.4%","1.3%","1.2%","1.0%","0.7%","0.3%","0.4%"
"Jun-1998","0.5%","0.5%","0.6%","1.3%","0.8%","0.4%","1.3%","1.2%","1.0%","0.7%","0.3%","0.4%"
"May-1998","0.6%","0.5%","0.6%","1.3%","0.8%","0.4%","1.4%","1.2%","1.0%","0.7%","0.3%","0.5%"
"Apr-1998","0.6%","0.5%","0.6%","1.3%","0.9%","0.4%","1.3%","1.3%","1.1%","0.8%","0.3%","0.5%"
"Mar-1998","0.6%","0.5%","0.6%","1.3%","0.9%","0.4%","1.3%","1.3%","1.1%","0.8%","0.3%","0.5%"
"Feb-1998","0.6%","0.5%","0.6%","1.3%","0.9%","0.4%","1.3%","1.4%","1.1%","0.8%","0.3%","0.5%"
"Jan-1998","0.6%","0.6%","0.6%","1.4%","0.9%","0.4%","1.3%","1.4%","1.1%","0.8%","0.3%","0.5%"
"Dec-1997","0.6%","0.6%","0.6%","1.4%","1.0%","0.4%","1.4%","1.4%","1.1%","0.9%","0.4%","0.5%"
"Nov-1997","0.6%","0.6%","0.6%","1.4%","1.0%","0.4%","1.4%","1.5%","1.1%","0.8%","0.4%","0.5%"
"Oct-1997","0.6%","0.6%","0.6%","1.5%","1.0%","0.4%","1.4%","1.5%","1.1%","0.8%","0.4%","0.5%"
"Sep-1997","0.6%","0.6%","0.6%","1.5%","1.0%","0.4%","1.4%","1.5%","1.2%","0.8%","0.4%","0.5%"
"Aug-1997","0.6%","0.6%","0.7%","1.5%","1.0%","0.4%","1.4%","1.5%","1.2%","0.9%","0.4%","0.5%"
"Jul-1997","0.6%","0.6%","0.7%","1.5%","1.0%","0.4%","1.5%","1.5%","1.2%","0.9%","0.4%","0.5%"
"Jun-1997","0.7%","0.6%","0.7%","1.5%","1.1%","0.4%","1.5%","1.6%","1.3%","1.0%","0.4%","0.5%"
"May-1997","0.7%","0.6%","0.7%","1.6%","1.1%","0.5%","1.6%","1.6%","1.3%","1.0%","0.4%","0.5%"
"Apr-1997","0.7%","0.7%","0.7%","1.6%","1.2%","0.5%","1.6%","1.6%","1.3%","1.1%","0.4%","0.5%"
"Mar-1997","0.7%","0.7%","0.7%","1.6%","1.2%","0.5%","1.6%","1.6%","1.3%","1.1%","0.4%","0.6%"
"Feb-1997","0.7%","0.7%","0.8%","1.6%","1.2%","0.5%","1.6%","1.6%","1.4%","1.1%","0.4%","0.6%"
"Jan-1997","0.7%","0.7%","0.8%","1.6%","1.2%","0.5%","1.6%","1.6%","1.4%","1.2%","0.5%","0.6%"
"Dec-1996","0.7%","0.7%","0.8%","1.6%","1.3%","0.5%","1.6%","1.6%","1.4%","1.2%","0.5%","0.6%"
"Nov-1996","0.7%","0.7%","0.8%","1.5%","1.3%","0.5%","1.5%","1.6%","1.4%","1.2%","0.5%","0.6%"
"Oct-1996","0.7%","0.7%","0.8%","1.6%","1.3%","0.5%","1.5%","1.6%","1.4%","1.2%","0.5%","0.6%"
"Sep-1996","0.8%","0.7%","0.8%","1.6%","1.3%","0.6%","1.5%","1.6%","1.4%","1.2%","0.5%","0.6%"
"Aug-1996","0.8%","0.7%","0.8%","1.6%","1.3%","0.6%","1.5%","1.6%","1.3%","1.3%","0.5%","0.6%"
"Jul-1996","0.8%","0.7%","0.8%","1.6%","1.3%","0.6%","1.5%","1.7%","1.3%","1.2%","0.5%","0.6%"
"Jun-1996","0.7%","0.7%","0.8%","1.6%","1.2%","0.6%","1.5%","1.7%","1.3%","1.2%","0.5%","0.6%"
"May-1996","0.7%","0.7%","0.8%","1.5%","1.2%","0.6%","1.4%","1.6%","1.2%","1.2%","0.5%","0.6%"
"Apr-1996","0.7%","0.7%","0.8%","1.5%","1.2%","0.6%","1.4%","1.7%","1.2%","1.1%","0.5%","0.6%"
"Mar-1996","0.8%","0.7%","0.8%","1.5%","1.2%","0.6%","1.4%","1.7%","1.3%","1.1%","0.5%","0.6%"
"Feb-1996","0.8%","0.7%","0.8%","1.5%","1.1%","0.6%","1.4%","1.7%","1.3%","1.1%","0.5%","0.6%"
"Jan-1996","0.8%","0.7%","0.8%","1.6%","1.1%","0.6%","1.5%","1.7%","1.2%","1.0%","0.5%","0.7%"
"Dec-1995","0.8%","0.7%","0.8%","1.6%","1.1%","0.6%","1.5%","1.7%","1.3%","1.0%","0.5%","0.7%"
"Nov-1995","0.8%","0.7%","0.8%","1.7%","1.2%","0.6%","1.5%","1.8%","1.3%","1.1%","0.5%","0.7%"
"Oct-1995","0.8%","0.7%","0.8%","1.7%","1.2%","0.6%","1.6%","1.8%","1.3%","1.1%","0.5%","0.7%"
"Sep-1995","0.8%","0.7%","0.9%","1.7%","1.2%","0.6%","1.6%","1.8%","1.4%","1.1%","0.5%","0.7%"
"Aug-1995","0.8%","0.7%","0.9%","1.7%","1.2%","0.6%","1.6%","1.8%","1.4%","1.1%","0.5%","0.7%"
"Jul-1995","0.8%","0.7%","0.9%","1.7%","1.3%","0.6%","1.6%","1.8%","1.4%","1.2%","0.5%","0.7%"
"Jun-1995","0.8%","0.7%","0.9%","1.7%","1.3%","0.7%","1.6%","1.9%","1.5%","1.2%","0.5%","0.8%"
"May-1995","0.9%","0.8%","1.0%","1.8%","1.4%","0.7%","1.6%","1.9%","1.5%","1.3%","0.5%","0.8%"
"Apr-1995","0.9%","0.8%","1.0%","1.8%","1.4%","0.7%","1.7%","2.0%","1.5%","1.3%","0.5%","0.8%"
"Mar-1995","0.9%","0.8%","1.0%","1.8%","1.5%","0.7%","1.7%","2.0%","1.5%","1.4%","0.6%","0.8%"
"Feb-1995","0.9%","0.8%","1.0%","1.9%","1.5%","0.7%","1.7%","2.0%","1.5%","1.5%","0.6%","0.8%"
"Jan-1995","1.0%","0.8%","1.1%","1.9%","1.6%","0.7%","1.7%","2.1%","1.6%","1.5%","0.6%","0.9%"
"Dec-1994","1.0%","0.9%","1.1%","2.0%","1.6%","0.8%","1.8%","2.1%","1.6%","1.6%","0.6%","0.9%"
"Nov-1994","1.0%","0.9%","1.1%","2.0%","1.6%","0.8%","1.8%","2.2%","1.6%","1.6%","0.6%","0.9%"
"Oct-1994","1.0%","0.9%","1.2%","2.0%","1.6%","0.8%","1.8%","2.3%","1.6%","1.6%","0.7%","0.9%"
"Sep-1994","1.1%","0.9%","1.2%","2.0%","1.6%","0.8%","1.8%","2.4%","1.6%","1.6%","0.7%","1.0%"
"Aug-1994","1.1%","0.9%","1.2%","2.1%","1.6%","0.8%","1.8%","2.4%","1.6%","1.6%","0.7%","1.0%"
"Jul-1994","1.1%","0.9%","1.2%","2.1%","1.6%","0.9%","1.8%","2.4%","1.6%","1.6%","0.7%","1.0%"
"Jun-1994","1.1%","1.0%","1.2%","2.1%","1.6%","0.9%","1.8%","2.4%","1.6%","1.6%","0.7%","1.0%"
"May-1994","1.1%","1.0%","1.3%","2.1%","1.6%","0.9%","1.8%","2.4%","1.5%","1.6%","0.8%","1.0%"
"Apr-1994","1.1%","1.0%","1.3%","2.1%","1.6%","0.9%","1.8%","2.4%","1.5%","1.7%","0.8%","1.0%"
"Mar-1994","1.1%","1.0%","1.3%","2.1%","1.6%","0.9%","1.7%","2.5%","1.5%","1.6%","0.8%","1.1%"
"Feb-1994","1.1%","1.0%","1.3%","2.1%","1.6%","0.9%","1.7%","2.5%","1.5%","1.6%","0.8%","1.1%"
"Jan-1994","1.2%","1.0%","1.3%","2.1%","1.6%","1.0%","1.7%","2.6%","1.4%","1.7%","0.8%","1.1%"
"Dec-1993","1.2%","1.0%","1.4%","2.2%","1.6%","1.0%","1.7%","2.7%","1.4%","1.7%","0.8%","1.1%"
"Nov-1993","1.2%","1.0%","1.4%","2.2%","1.6%","1.0%","1.8%","2.7%","1.4%","1.7%","0.8%","1.2%"
"Oct-1993","1.2%","1.0%","1.4%","2.3%","1.6%","1.0%","1.8%","2.7%","1.4%","1.7%","0.8%","1.2%"
"Sep-1993","1.2%","1.0%","1.4%","2.3%","1.6%","1.0%","1.9%","2.8%","1.4%","1.7%","0.8%","1.2%"
"Aug-1993","1.2%","1.0%","1.4%","2.3%","1.6%","1.0%","1.9%","2.8%","1.5%","1.8%","0.8%","1.2%"
"Jul-1993","1.3%","1.0%","1.5%","2.3%","1.7%","1.1%","1.8%","2.8%","1.5%","1.8%","0.8%","1.3%"
"Jun-1993","1.3%","1.0%","1.5%","2.4%","1.7%","1.1%","1.9%","2.8%","1.5%","1.8%","0.8%","1.3%"
"May-1993","1.3%","1.0%","1.5%","2.4%","1.7%","1.1%","1.9%","2.9%","1.5%","1.8%","0.8%","1.3%"
"Apr-1993","1.3%","1.0%","1.5%","2.4%","1.7%","1.1%","2.0%","2.9%","1.5%","1.8%","0.8%","1.3%"
"Mar-1993","1.3%","1.1%","1.5%","2.5%","1.7%","1.1%","2.0%","2.9%","1.5%","1.9%","0.9%","1.3%"
"Feb-1993","1.3%","1.1%","1.5%","2.4%","1.7%","1.1%","2.0%","2.9%","1.5%","1.9%","0.9%","1.3%"
"Jan-1993","1.3%","1.0%","1.5%","2.4%","1.7%","1.1%","2.0%","2.9%","1.4%","1.9%","0.9%","1.3%"
"Dec-1992","1.3%","1.0%","1.5%","2.3%","1.7%","1.1%","1.9%","2.8%","1.4%","1.9%","0.8%","1.3%"
"Nov-1992","1.3%","1.0%","1.5%","2.3%","1.6%","1.1%","1.8%","2.7%","1.4%","1.8%","0.8%","1.3%"
"Oct-1992","1.2%","1.0%","1.5%","2.2%","1.6%","1.1%","1.8%","2.6%","1.3%","1.7%","0.8%","1.3%"
"Sep-1992","1.2%","0.9%","1.4%","2.1%","1.5%","1.0%","1.7%","2.5%","1.3%","1.7%","0.8%","1.2%"
"Aug-1992","1.1%","0.9%","1.3%","2.0%","1.5%","1.0%","1.6%","2.4%","1.2%","1.6%","0.7%","1.2%"
"Jul-1992","1.1%","0.9%","1.3%","2.0%","1.4%","0.9%","1.6%","2.3%","1.1%","1.5%","0.7%","1.1%"
"Jun-1992","1.0%","0.8%","1.2%","1.9%","1.3%","0.9%","1.5%","2.2%","1.0%","1.4%","0.7%","1.1%"
"May-1992","1.0%","0.8%","1.2%","1.8%","1.2%","0.8%","1.5%","2.2%","1.0%","1.3%","0.6%","1.0%"
"Apr-1992","0.9%","0.7%","1.1%","1.7%","1.1%","0.8%","1.4%","2.0%","0.9%","1.3%","0.6%","1.0%"
"Mar-1992","0.9%","0.7%","1.1%","1.6%","1.0%","0.8%","1.3%","2.0%","0.8%","1.2%","0.5%","0.9%"
"Feb-1992","0.8%","0.6%","1.0%","1.6%","1.0%","0.7%","1.3%","1.9%","0.8%","1.1%","0.5%","0.9%"
"Jan-1992","0.8%","0.6%","0.9%","1.5%","0.9%","0.7%","1.2%","1.8%","0.7%","1.0%","0.5%","0.8%"
"Dec-1991","0.7%","0.5%","0.9%","1.4%","0.8%","0.6%","1.2%","1.7%","0.7%","1.0%","0.4%","0.8%"
"Nov-1991","0.7%","0.5%","0.8%","1.4%","0.8%","0.6%","1.1%","1.7%","0.6%","0.9%","0.4%","0.7%"
"Oct-1991","0.7%","0.5%","0.8%","1.4%","0.8%","0.6%","1.1%","1.6%","0.6%","0.9%","0.4%","0.7%"
"Sep-1991","0.6%","0.5%","0.8%","1.3%","0.7%","0.5%","1.0%","1.6%","0.6%","0.9%","0.4%","0.7%"
"Aug-1991","0.6%","0.4%","0.8%","1.3%","0.7%","0.5%","1.0%","1.6%","0.5%","0.8%","0.3%","0.7%"
"Jul-1991","0.6%","0.4%","0.7%","1.3%","0.7%","0.5%","1.0%","1.6%","0.5%","0.8%","0.3%","0.6%"
"Jun-1991","0.6%","0.4%","0.7%","1.3%","0.7%","0.5%","1.0%","1.6%","0.5%","0.8%","0.3%","0.6%"
"May-1991","0.5%","0.4%","0.7%","1.2%","0.6%","0.4%","0.9%","1.5%","0.4%","0.8%","0.3%","0.6%"
"Apr-1991","0.5%","0.4%","0.6%","1.2%","0.6%","0.4%","0.9%","1.4%","0.4%","0.7%","0.3%","0.5%"
"Mar-1991","0.5%","0.4%","0.6%","1.1%","0.6%","0.4%","0.9%","1.4%","0.4%","0.7%","0.3%","0.5%"
"Feb-1991","0.5%","0.3%","0.6%","1.1%","0.5%","0.4%","0.8%","1.4%","0.4%","0.7%","0.3%","0.5%"
"Jan-1991","0.5%","0.3%","0.6%","1.1%","0.5%","0.4%","0.8%","1.3%","0.4%","0.6%","0.3%","0.5%"
"Dec-1990","0.5%","0.3%","0.6%","1.0%","0.5%","0.4%","0.8%","1.3%","0.4%","0.6%","0.3%","0.5%"
"Nov-1990","0.5%","0.3%","0.6%","1.0%","0.5%","0.4%","0.7%","1.3%","0.4%","0.6%","0.2%","0.5%"
"Oct-1990","0.4%","0.3%","0.6%","1.0%","0.5%","0.4%","0.7%","1.3%","0.4%","0.6%","0.2%","0.5%"
"Sep-1990","0.4%","0.3%","0.6%","1.0%","0.5%","0.4%","0.7%","1.3%","0.3%","0.6%","0.2%","0.5%"
"Aug-1990","0.4%","0.3%","0.5%","1.0%","0.5%","0.3%","0.7%","1.3%","0.3%","0.6%","0.2%","0.4%"
"Jul-1990","0.4%","0.3%","0.5%","1.0%","0.5%","0.3%","0.7%","1.3%","0.4%","0.6%","0.2%","0.4%"
"Jun-1990","0.4%","0.3%","0.5%","1.0%","0.5%","0.3%","0.7%","1.2%","0.3%","0.6%","0.2%","0.4%"
"May-1990","0.4%","0.3%","0.5%","1.0%","0.5%","0.3%","0.7%","1.3%","0.3%","0.6%","0.2%","0.4%"
"Apr-1990","0.4%","0.3%","0.5%","1.0%","0.5%","0.3%","0.7%","1.3%","0.3%","0.6%","0.2%","0.4%"
"Mar-1990","0.4%","0.3%","0.5%","1.0%","0.5%","0.3%","0.7%","1.3%","0.4%","0.6%","0.2%","0.4%"
"Feb-1990","0.4%","0.3%","0.5%","1.1%","0.5%","0.3%","0.8%","1.3%","0.4%","0.6%","0.2%","0.4%"
"Jan-1990","0.4%","0.3%","0.5%","1.1%","0.5%","0.3%","0.8%","1.3%","0.3%","0.6%","0.2%","0.4%"
"Dec-1989","0.4%","0.3%","0.5%","1.1%","0.5%","0.3%","0.8%","1.3%","0.3%","0.6%","0.2%","0.4%"
"Nov-1989","0.4%","0.3%","0.5%","1.1%","0.5%","0.3%","0.8%","1.3%","0.3%","0.6%","0.2%","0.4%"
"Oct-1989","0.4%","0.3%","0.5%","1.1%","0.5%","0.3%","0.9%","1.3%","0.3%","0.6%","0.2%","0.4%"
"Sep-1989","0.4%","0.3%","0.5%","1.1%","0.5%","0.3%","0.9%","1.3%","0.3%","0.6%","0.2%","0.5%"
"Aug-1989","0.5%","0.3%","0.6%","1.1%","0.5%","0.4%","0.9%","1.3%","0.3%","0.6%","0.2%","0.5%"
"Jul-1989","0.5%","0.3%","0.6%","1.1%","0.5%","0.4%","0.9%","1.4%","0.3%","0.6%","0.2%","0.5%"
"Jun-1989","0.5%","0.3%","0.6%","1.2%","0.5%","0.4%","0.9%","1.4%","0.3%","0.6%","0.2%","0.5%"
"May-1989","0.5%","0.3%","0.6%","1.2%","0.5%","0.4%","0.9%","1.5%","0.3%","0.6%","0.2%","0.5%"
"Apr-1989","0.5%","0.3%","0.6%","1.2%","0.5%","0.4%","1.0%","1.5%","0.3%","0.6%","0.2%","0.5%"
"Mar-1989","0.5%","0.4%","0.6%","1.2%","0.5%","0.4%","1.0%","1.5%","0.4%","0.6%","0.3%","0.5%"
"Feb-1989","0.5%","0.4%","0.6%","1.2%","0.5%","0.4%","1.0%","1.5%","0.3%","0.6%","0.3%","0.5%"
"Jan-1989","0.5%","0.4%","0.7%","1.3%","0.6%","0.4%","1.0%","1.5%","0.4%","0.7%","0.3%","0.6%"
"Dec-1988","0.5%","0.4%","0.7%","1.3%","0.6%","0.4%","1.1%","1.5%","0.4%","0.7%","0.3%","0.6%"
"Nov-1988","0.5%","0.4%","0.7%","1.3%","0.6%","0.4%","1.1%","1.5%","0.4%","0.7%","0.3%","0.6%"
"Oct-1988","0.6%","0.4%","0.7%","1.3%","0.6%","0.4%","1.1%","1.5%","0.4%","0.8%","0.3%","0.6%"
"Sep-1988","0.6%","0.4%","0.7%","1.3%","0.7%","0.5%","1.1%","1.5%","0.5%","0.8%","0.3%","0.6%"
"Aug-1988","0.6%","0.4%","0.7%","1.4%","0.7%","0.5%","1.2%","1.6%","0.5%","0.8%","0.3%","0.6%"
"Jul-1988","0.6%","0.4%","0.7%","1.4%","0.7%","0.5%","1.2%","1.6%","0.5%","0.8%","0.3%","0.6%"
"Jun-1988","0.6%","0.5%","0.7%","1.4%","0.7%","0.5%","1.2%","1.6%","0.5%","0.9%","0.3%","0.6%"
"May-1988","0.6%","0.5%","0.8%","1.5%","0.7%","0.5%","1.3%","1.7%","0.5%","0.9%","0.3%","0.6%"
"Apr-1988","0.6%","0.5%","0.8%","1.5%","0.7%","0.5%","1.3%","1.7%","0.5%","0.9%","0.3%","0.6%"
"Mar-1988","0.7%","0.5%","0.8%","1.5%","0.7%","0.5%","1.3%","1.8%","0.5%","0.9%","0.4%","0.7%"
"Feb-1988","0.7%","0.5%","0.8%","1.6%","0.8%","0.5%","1.3%","1.8%","0.5%","0.9%","0.4%","0.7%"
"Jan-1988","0.7%","0.5%","0.8%","1.6%","0.8%","0.6%","1.3%","1.9%","0.6%","0.9%","0.4%","0.7%"
"Dec-1987","0.7%","0.5%","0.9%","1.6%","0.8%","0.6%","1.3%","1.9%","0.6%","0.9%","0.4%","0.7%"
"Nov-1987","0.7%","0.5%","0.9%","1.6%","0.8%","0.6%","1.3%","2.0%","0.5%","0.9%","0.4%","0.7%"
"Oct-1987","0.7%","0.5%","0.9%","1.7%","0.8%","0.6%","1.3%","2.1%","0.5%","1.0%","0.4%","0.7%"
"Sep-1987","0.7%","0.5%","0.9%","1.7%","0.8%","0.6%","1.4%","2.1%","0.5%","1.0%","0.4%","0.7%"
"Aug-1987","0.7%","0.5%","0.9%","1.7%","0.8%","0.6%","1.4%","2.1%","0.6%","1.0%","0.4%","0.8%"
"Jul-1987","0.8%","0.5%","0.9%","1.8%","0.9%","0.6%","1.4%","2.1%","0.6%","1.0%","0.4%","0.8%"
"Jun-1987","0.8%","0.6%","0.9%","1.8%","0.9%","0.6%","1.4%","2.1%","0.5%","1.0%","0.4%","0.8%"
"May-1987","0.8%","0.6%","0.9%","1.8%","0.9%","0.6%","1.5%","2.1%","0.6%","1.1%","0.4%","0.8%"
"Apr-1987","0.8%","0.6%","0.9%","1.8%","0.9%","0.6%","1.4%","2.1%","0.6%","1.1%","0.5%","0.8%"
"Mar-1987","0.8%","0.6%","0.9%","1.8%","0.9%","0.6%","1.4%","2.1%","0.6%","1.1%","0.5%","0.8%"
"Feb-1987","0.8%","0.6%","0.9%","1.8%","0.9%","0.6%","1.5%","2.1%","0.6%","1.1%","0.5%","0.8%"
"Jan-1987","0.8%","0.6%","0.9%","1.8%","1.0%","0.6%","1.5%","2.0%","0.6%","1.2%","0.5%","0.8%"
"Dec-1986","0.8%","0.6%","0.9%","1.8%","1.0%","0.6%","1.4%","2.1%","0.6%","1.2%","0.5%","0.8%"
"Nov-1986","0.8%","0.6%","0.9%","1.8%","1.0%","0.6%","1.5%","2.1%","0.7%","1.2%","0.5%","0.8%"
"Oct-1986","0.8%","0.6%","0.9%","1.8%","1.0%","0.6%","1.5%","2.1%","0.7%","1.2%","0.5%","0.8%"
"Sep-1986","0.8%","0.6%","0.9%","1.8%","1.0%","0.6%","1.5%","2.2%","0.7%","1.2%","0.5%","0.8%"
"Aug-1986","0.8%","0.6%","0.9%","1.9%","1.0%","0.6%","1.5%","2.2%","0.7%","1.2%","0.5%","0.8%"
"Jul-1986","0.8%","0.6%","0.9%","1.8%","1.0%","0.6%","1.4%","2.3%","0.7%","1.2%","0.5%","0.8%"
"Jun-1986","0.8%","0.6%","0.9%","1.9%","1.0%","0.6%","1.4%","2.3%","0.7%","1.2%","0.5%","0.8%"
"May-1986","0.8%","0.6%","0.9%","1.8%","1.0%","0.6%","1.4%","2.2%","0.7%","1.2%","0.5%","0.8%"
"Apr-1986","0.8%","0.6%","1.0%","1.8%","1.0%","0.6%","1.4%","2.2%","0.7%","1.2%","0.5%","0.8%"
"Mar-1986","0.8%","0.6%","1.0%","1.9%","1.0%","0.7%","1.5%","2.3%","0.7%","1.2%","0.5%","0.8%"
"Feb-1986","0.8%","0.6%","1.0%","1.9%","1.0%","0.7%","1.5%","2.4%","0.7%","1.3%","0.5%","0.8%"
"Jan-1986","0.8%","0.6%","1.0%","2.0%","1.0%","0.7%","1.5%","2.5%","0.7%","1.2%","0.5%","0.8%"
"Dec-1985","0.9%","0.7%","1.0%","2.0%","1.0%","0.7%","1.5%","2.5%","0.8%","1.2%","0.5%","0.8%"
"Nov-1985","0.9%","0.7%","1.0%","2.0%","1.1%","0.7%","1.6%","2.5%","0.8%","1.2%","0.5%","0.8%"
"Oct-1985","0.9%","0.7%","1.0%","2.0%","1.1%","0.7%","1.6%","2.4%","0.8%","1.2%","0.6%","0.8%"
"Sep-1985","0.9%","0.7%","1.0%","2.0%","1.1%","0.7%","1.6%","2.4%","0.8%","1.2%","0.6%","0.9%"
"Aug-1985","0.9%","0.7%","1.0%","2.0%","1.1%","0.7%","1.6%","2.4%","0.8%","1.3%","0.6%","0.9%"
"Jul-1985","0.9%","0.7%","1.1%","2.1%","1.1%","0.7%","1.7%","2.5%","0.8%","1.3%","0.6%","0.9%"
"Jun-1985","0.9%","0.7%","1.1%","2.2%","1.1%","0.8%","1.8%","2.6%","0.8%","1.3%","0.6%","0.9%"
"May-1985","1.0%","0.8%","1.1%","2.2%","1.1%","0.8%","1.8%","2.7%","0.8%","1.3%","0.6%","0.9%"
"Apr-1985","1.0%","0.8%","1.1%","2.3%","1.1%","0.8%","1.8%","2.7%","0.9%","1.3%","0.6%","0.9%"
"Mar-1985","1.0%","0.8%","1.2%","2.3%","1.1%","0.8%","1.8%","2.8%","0.9%","1.3%","0.6%","1.0%"
"Feb-1985","1.0%","0.8%","1.2%","2.4%","1.1%","0.8%","1.8%","2.9%","0.9%","1.2%","0.6%","1.0%"
"Jan-1985","1.0%","0.8%","1.2%","2.4%","1.1%","0.9%","1.9%","3.0%","0.9%","1.2%","0.6%","1.0%"
"Dec-1984","1.1%","0.8%","1.3%","2.5%","1.1%","0.9%","2.0%","3.1%","0.9%","1.2%","0.6%","1.1%"
"Nov-1984","1.1%","0.8%","1.3%","2.6%","1.1%","0.9%","2.0%","3.1%","0.9%","1.3%","0.6%","1.1%"
"Oct-1984","1.2%","0.8%","1.4%","2.6%","1.2%","1.0%","2.0%","3.3%","1.0%","1.3%","0.7%","1.2%"
"Sep-1984","1.2%","0.9%","1.5%","2.7%","1.2%","1.0%","2.0%","3.3%","1.0%","1.3%","0.7%","1.2%"
"Aug-1984","1.2%","0.9%","1.5%","2.8%","1.3%","1.0%","2.1%","3.5%","1.1%","1.4%","0.7%","1.3%"
"Jul-1984","1.3%","0.9%","1.6%","2.9%","1.4%","1.1%","2.2%","3.6%","1.2%","1.5%","0.7%","1.4%"
"Jun-1984","1.4%","1.0%","1.7%","2.9%","1.5%","1.2%","2.2%","3.7%","1.2%","1.6%","0.8%","1.4%"
"May-1984","1.4%","1.0%","1.8%","3.1%","1.5%","1.2%","2.3%","3.8%","1.3%","1.7%","0.8%","1.5%"
"Apr-1984","1.5%","1.1%","1.8%","3.2%","1.6%","1.3%","2.4%","4.0%","1.4%","1.7%","0.9%","1.6%"
"Mar-1984","1.6%","1.1%","1.9%","3.4%","1.6%","1.3%","2.5%","4.1%","1.4%","1.8%","0.9%","1.7%"
"Feb-1984","1.6%","1.2%","2.0%","3.5%","1.7%","1.4%","2.6%","4.3%","1.5%","1.9%","1.0%","1.7%"
"Jan-1984","1.7%","1.2%","2.1%","3.5%","1.8%","1.4%","2.7%","4.4%","1.5%","2.0%","1.0%","1.8%"
"Dec-1983","1.7%","1.2%","2.1%","3.6%","1.9%","1.5%","2.7%","4.4%","1.5%","2.1%","1.0%","1.8%"
"Nov-1983","1.7%","1.3%","2.1%","3.7%","1.9%","1.5%","2.8%","4.5%","1.5%","2.2%","1.0%","1.8%"
"Oct-1983","1.8%","1.3%","2.1%","3.7%","1.9%","1.5%","2.8%","4.5%","1.5%","2.2%","1.1%","1.8%"
"Sep-1983","1.7%","1.3%","2.1%","3.7%","1.9%","1.5%","2.8%","4.6%","1.5%","2.2%","1.1%","1.8%"
"Aug-1983","1.7%","1.3%","2.1%","3.7%","1.9%","1.5%","2.8%","4.6%","1.5%","2.1%","1.1%","1.8%"
"Jul-1983","1.7%","1.3%","2.0%","3.6%","1.8%","1.4%","2.8%","4.5%","1.4%","2.1%","1.0%","1.7%"
"Jun-1983","1.6%","1.2%","1.9%","3.6%","1.7%","1.4%","2.7%","4.4%","1.3%","2.0%","1.0%","1.7%"
"May-1983","1.6%","1.2%","1.9%","3.4%","1.7%","1.3%","2.6%","4.2%","1.3%","1.9%","0.9%","1.6%"
"Apr-1983","1.5%","1.1%","1.8%","3.3%","1.6%","1.3%","2.5%","4.1%","1.2%","1.8%","0.9%","1.5%"
"Mar-1983","1.4%","1.1%","1.7%","3.2%","1.5%","1.2%","2.4%","3.9%","1.2%","1.7%","0.9%","1.4%"
"Feb-1983","1.3%","1.0%","1.6%","3.0%","1.4%","1.1%","2.3%","3.7%","1.2%","1.6%","0.8%","1.3%"
"Jan-1983","1.2%","1.0%","1.4%","2.9%","1.4%","1.0%","2.2%","3.5%","1.2%","1.5%","0.8%","1.2%"
"Dec-1982","1.1%","0.9%","1.3%","2.7%","1.3%","0.9%","2.0%","3.3%","1.1%","1.4%","0.7%","1.1%"
"Nov-1982","1.1%","0.8%","1.2%","2.6%","1.2%","0.9%","2.0%","3.1%","1.0%","1.3%","0.7%","1.0%"
"Oct-1982","1.0%","0.8%","1.2%","2.4%","1.1%","0.8%","1.8%","3.0%","1.0%","1.2%","0.6%","1.0%"
"Sep-1982","0.9%","0.7%","1.1%","2.3%","1.1%","0.8%","1.8%","2.8%","1.0%","1.2%","0.6%","0.9%"
"Aug-1982","0.9%","0.7%","1.0%","2.2%","1.0%","0.7%","1.7%","2.7%","0.9%","1.1%","0.6%","0.9%"
"Jul-1982","0.9%","0.7%","1.0%","2.1%","1.0%","0.7%","1.6%","2.6%","0.9%","1.0%","0.5%","0.8%"
"Jun-1982","0.8%","0.7%","1.0%","2.0%","1.0%","0.7%","1.5%","2.4%","0.9%","1.0%","0.5%","0.8%"
"May-1982","0.8%","0.6%","0.9%","1.9%","0.9%","0.6%","1.5%","2.4%","0.8%","1.0%","0.5%","0.7%"
"Apr-1982","0.8%","0.6%","0.9%","1.9%","0.8%","0.6%","1.5%","2.3%","0.7%","0.9%","0.5%","0.7%"
"Mar-1982","0.7%","0.6%","0.8%","1.8%","0.8%","0.6%","1.4%","2.2%","0.6%","0.9%","0.5%","0.7%"
"Feb-1982","0.7%","0.6%","0.8%","1.8%","0.8%","0.6%","1.4%","2.2%","0.6%","0.9%","0.5%","0.7%"
"Jan-1982","0.7%","0.6%","0.8%","1.8%","0.8%","0.6%","1.4%","2.2%","0.6%","0.9%","0.5%","0.7%"
"Dec-1981","0.7%","0.6%","0.8%","1.8%","0.7%","0.6%","1.5%","2.2%","0.6%","0.8%","0.5%","0.7%"
"Nov-1981","0.7%","0.6%","0.8%","1.8%","0.7%","0.6%","1.4%","2.2%","0.6%","0.8%","0.5%","0.7%"
"Oct-1981","0.7%","0.6%","0.8%","1.8%","0.7%","0.6%","1.4%","2.1%","0.5%","0.9%","0.5%","0.7%"
"Sep-1981","0.7%","0.6%","0.8%","1.8%","0.8%","0.6%","1.4%","2.1%","0.5%","0.9%","0.5%","0.7%"
"Aug-1981","0.7%","0.6%","0.8%","1.8%","0.8%","0.6%","1.4%","2.1%","0.5%","0.9%","0.5%","0.7%"
"Jul-1981","0.7%","0.6%","0.8%","1.7%","0.7%","0.6%","1.4%","2.1%","0.5%","0.9%","0.5%","0.7%"
"Jun-1981","0.7%","0.6%","0.8%","1.7%","0.7%","0.6%","1.4%","2.0%","0.5%","0.8%","0.5%","0.7%"
"May-1981","0.7%","0.6%","0.8%","1.7%","0.7%","0.6%","1.4%","2.0%","0.5%","0.8%","0.5%","0.6%"
"Apr-1981","0.7%","0.5%","0.8%","1.6%","0.7%","0.6%","1.3%","1.9%","0.5%","0.8%","0.4%","0.6%"
"Mar-1981","0.6%","0.5%","0.7%","1.5%","0.7%","0.5%","1.2%","1.8%","0.5%","0.8%","0.4%","0.6%"
"Feb-1981","0.6%","0.5%","0.7%","1.4%","0.7%","0.5%","1.2%","1.7%","0.5%","0.8%","0.4%","0.6%"
"Jan-1981","0.6%","0.5%","0.6%","1.3%","0.6%","0.5%","1.0%","1.5%","0.4%","0.8%","0.4%","0.5%"
"Dec-1980","0.5%","0.5%","0.6%","1.2%","0.6%","0.4%","1.0%","1.4%","0.4%","0.7%","0.4%","0.5%"
"Nov-1980","0.5%","0.4%","0.6%","1.1%","0.6%","0.4%","1.0%","1.3%","0.4%","0.7%","0.4%","0.5%"
"Oct-1980","0.5%","0.4%","0.5%","1.1%","0.5%","0.4%","0.9%","1.3%","0.4%","0.6%","0.3%","0.4%"
"Sep-1980","0.4%","0.4%","0.5%","1.0%","0.5%","0.4%","0.9%","1.2%","0.3%","0.5%","0.3%","0.4%"
"Aug-1980","0.4%","0.4%","0.5%","1.0%","0.4%","0.3%","0.8%","1.1%","0.3%","0.5%","0.3%","0.4%"
"Jul-1980","0.4%","0.3%","0.4%","0.9%","0.4%","0.3%","0.8%","1.0%","0.3%","0.5%","0.3%","0.4%"
"Jun-1980","0.4%","0.3%","0.4%","0.9%","0.4%","0.3%","0.8%","1.0%","0.3%","0.5%","0.3%","0.3%"
"May-1980","0.4%","0.3%","0.4%","0.9%","0.4%","0.3%","0.7%","1.0%","0.3%","0.5%","0.3%","0.3%"
"Apr-1980","0.3%","0.3%","0.4%","0.8%","0.4%","0.3%","0.7%","1.0%","0.3%","0.5%","0.3%","0.3%"
"Mar-1980","0.3%","0.3%","0.4%","0.9%","0.4%","0.3%","0.7%","1.0%","0.3%","0.5%","0.3%","0.3%"
"Feb-1980","0.3%","0.3%","0.4%","0.9%","0.4%","0.3%","0.7%","1.0%","0.3%","0.4%","0.3%","0.3%"
"Jan-1980","0.3%","0.3%","0.4%","0.9%","0.4%","0.3%","0.8%","1.0%","0.3%","0.4%","0.3%","0.3%"
"Dec-1979","0.3%","0.3%","0.4%","0.9%","0.4%","0.3%","0.8%","1.0%","0.3%","0.4%","0.3%","0.3%"
"Nov-1979","0.3%","0.3%","0.4%","0.9%","0.3%","0.3%","0.7%","1.0%","0.3%","0.4%","0.3%","0.3%"
"Oct-1979","0.3%","0.3%","0.4%","0.9%","0.4%","0.3%","0.7%","1.0%","0.3%","0.4%","0.3%","0.3%"
"Sep-1979","0.4%","0.3%","0.4%","0.9%","0.4%","0.3%","0.7%","1.1%","0.3%","0.4%","0.3%","0.3%"
"Aug-1979","0.4%","0.3%","0.4%","0.9%","0.4%","0.3%","0.7%","1.1%","0.3%","0.4%","0.3%","0.3%"
"Jul-1979","0.4%","0.3%","0.4%","0.9%","0.4%","0.3%","0.8%","1.1%","0.3%","0.4%","0.3%","0.3%"
"Jun-1979","0.4%","0.4%","0.4%","0.9%","0.4%","0.3%","0.8%","1.1%","0.4%","0.4%","0.3%","0.3%"
"May-1979","0.4%","0.4%","0.4%","0.9%","0.4%","0.3%","0.8%","1.1%","0.4%","0.4%","0.3%","0.3%"
"Apr-1979","0.4%","0.4%","0.4%","1.0%","0.4%","0.3%","0.8%","1.1%","0.4%","0.4%","0.3%","0.3%"
"Mar-1979","0.4%","0.4%","0.4%","1.0%","0.5%","0.3%","0.8%","1.1%","0.5%","0.5%","0.3%","0.3%"
"Feb-1979","0.4%","0.4%","0.4%","1.0%","0.5%","0.3%","0.9%","1.1%","0.5%","0.6%","0.3%","0.4%"
"Jan-1979","0.4%","0.4%","0.4%","1.0%","0.6%","0.3%","0.9%","1.1%","0.5%","0.6%","0.3%","0.4%"
"Dec-1978","0.4%","0.4%","0.5%","1.0%","0.6%","0.4%","0.9%","1.1%","0.5%","0.6%","0.3%","0.4%"